uf,segmento,n,N_uf,pct_uf
AC,Eleitoral,1,2,50.0
AC,Estadual,1,2,50.0
AL,Eleitoral,1,2,50.0
AL,Trabalho,1,2,50.0
AM,Eleitoral,2,5,40.0
AM,Estadual,2,5,40.0
AM,Trabalho,1,5,20.0
AP,Eleitoral,1,2,50.0
AP,Estadual,1,2,50.0
BA,Eleitoral,1,3,33.333333333333336
BA,Estadual,1,3,33.333333333333336
BA,Trabalho,1,3,33.333333333333336
CE,Eleitoral,2,5,40.0
CE,Estadual,2,5,40.0
CE,Trabalho,1,5,20.0
DF,Eleitoral,3,13,23.07692307692308
DF,Estadual,1,13,7.6923076923076925
DF,Federal,2,13,15.384615384615383
DF,Militar,2,13,15.384615384615383
DF,Superior/Conselho,3,13,23.07692307692308
DF,Trabalho,2,13,15.384615384615383
ES,Eleitoral,1,3,33.333333333333336
ES,Estadual,1,3,33.333333333333336
ES,Trabalho,1,3,33.333333333333336
GO,Eleitoral,2,4,50.0
GO,Estadual,1,4,25.0
GO,Trabalho,1,4,25.0
MA,Eleitoral,2,4,50.0
MA,Estadual,1,4,25.0
MA,Trabalho,1,4,25.0
MG,Eleitoral,1,5,20.0
MG,Estadual,1,5,20.0
MG,Federal,1,5,20.0
MG,Militar,1,5,20.0
MG,Trabalho,1,5,20.0
MS,Eleitoral,1,3,33.333333333333336
MS,Estadual,1,3,33.333333333333336
MS,Trabalho,1,3,33.333333333333336
MT,Eleitoral,1,3,33.333333333333336
MT,Estadual,1,3,33.333333333333336
MT,Trabalho,1,3,33.333333333333336
PA,Eleitoral,1,4,25.0
PA,Estadual,1,4,25.0
PA,Trabalho,2,4,50.0
PB,Eleitoral,1,3,33.333333333333336
PB,Estadual,1,3,33.333333333333336
PB,Trabalho,1,3,33.333333333333336
PE,Eleitoral,2,5,40.0
PE,Estadual,1,5,20.0
PE,Federal,1,5,20.0
PE,Trabalho,1,5,20.0
PI,Eleitoral,2,4,50.0
PI,Estadual,1,4,25.0
PI,Trabalho,1,4,25.0
PR,Eleitoral,1,3,33.333333333333336
PR,Estadual,1,3,33.333333333333336
PR,Trabalho,1,3,33.333333333333336
RJ,Eleitoral,2,6,33.333333333333336
RJ,Estadual,2,6,33.333333333333336
RJ,Federal,1,6,16.666666666666668
RJ,Trabalho,1,6,16.666666666666668
RN,Eleitoral,1,3,33.333333333333336
RN,Estadual,1,3,33.333333333333336
RN,Trabalho,1,3,33.333333333333336
RO,Eleitoral,1,3,33.333333333333336
RO,Estadual,1,3,33.333333333333336
RO,Trabalho,1,3,33.333333333333336
RR,Eleitoral,1,2,50.0
RR,Estadual,1,2,50.0
RS,Eleitoral,1,5,20.0
RS,Estadual,1,5,20.0
RS,Federal,1,5,20.0
RS,Militar,1,5,20.0
RS,Trabalho,1,5,20.0
SC,Eleitoral,1,3,33.333333333333336
SC,Estadual,1,3,33.333333333333336
SC,Trabalho,1,3,33.333333333333336
SE,Eleitoral,2,4,50.0
SE,Estadual,1,4,25.0
SE,Trabalho,1,4,25.0
SP,Eleitoral,2,8,25.0
SP,Estadual,1,8,12.5
SP,Federal,2,8,25.0
SP,Militar,1,8,12.5
SP,Trabalho,2,8,25.0
TO,Eleitoral,2,3,66.66666666666667
TO,Estadual,1,3,33.333333333333336
