id_resposta,segmento_declarado,flag_tjdft,segmento,orgao_id,n_unid_orgao,uf_sede_proxy,natureza,planejamento,plan_A,plan_B,dotacao,orcamento,efetivos,comissionados,magistrados_gestao,ava,capacidade_ead,plano_2026,cadastro_formadores,formacao_formadores,relacao_cursos,egressos,parcerias,interesse,moodle,ano_criacao,n1_cod,n1,n1_aplica,n2_cod,n2,n2_aplica,n3_cod,n3,n3_aplica,n4_cod,n4,n4_aplica,mod_presencial,mod_ead_autoinstrucional,mod_ead_tutoria,mod_hibrida,data_resposta,ava_algum,interesse_aberto,est_sem_marcacao_sede,n_temas_2025,n_eixos_2026,n4_sem_n3
R001,Eleitoral,0,Eleitoral,O37,1,AP,Escola formalmente instituída,Plano próprio vigente e formalizado,1,1,Custeada por rubrica geral do tribunal,R$ 250 mil a R$ 1 mi,1 a 3,1 a 3,1 a 3,AVA compartilhado com o tribunal,Não há capacidade própria de produção,Sim,Sim,Não desenvolve,Não,"Sim, de forma pontual","Sim, com convênios/acordos vigentes",Moderado,1,2003,0,Não aplica,0,0,Não aplica,0,0,Não aplica,0,0,Não aplica,0,Acima de 50%,Até 25%,Até 25%,26% a 50%,2026-08-05,1,1,0,14,5,0
R002,Estadual,0,Estadual,O28,1,RR,Escola formalmente instituída,Plano próprio vigente e formalizado,1,1,Rubrica orçamentária própria,R$ 1 mi a R$ 5 mi,1 a 3,Mais de 10,1 a 3,AVA compartilhado com o tribunal,"Equipe multidisciplinar dedicada, com designer instrucional, audiovisual e TI",Sim,Sim,Programa permanente com certificação,Sim,"Sim, de forma sistemática","Sim, com convênios/acordos vigentes",Moderado,0,2011,2,Na maioria das ações,1,1,Em parte das ações,1,1,Em parte das ações,1,1,Em parte das ações,1,Acima de 50%,Até 25%,26% a 50%,Até 25%,2026-08-05,1,1,0,13,5,0
R003,Eleitoral,0,Eleitoral,O47,1,PA,Escola formalmente instituída,Plano próprio vigente e formalizado,1,1,Rubrica orçamentária própria,Até R$ 250 mil,1 a 3,1 a 3,Nenhum,Sem AVA,Não há capacidade própria de produção,Sim,Sim,Não desenvolve,Não,Não realiza,"Sim, com convênios/acordos vigentes",Moderado,0,2003,1,Em parte das ações,1,0,Não aplica,0,0,Não aplica,0,0,Não aplica,0,Até 25%,0%,26% a 50%,0%,2026-08-06,0,1,0,5,3,0
R004,Eleitoral,0,Eleitoral,O41,1,ES,Escola formalmente instituída,Não possui,0,0,Rubrica orçamentária própria,R$ 250 mil a R$ 1 mi,4 a 10,4 a 10,1 a 3,AVA compartilhado com o tribunal,Não há capacidade própria de produção,Sim,Sim,Não desenvolve,Não,Não realiza,"Sim, com convênios/acordos vigentes",Alto,1,2009,2,Na maioria das ações,1,0,Não aplica,0,0,Não aplica,0,0,Não aplica,0,Até 25%,26% a 50%,26% a 50%,Até 25%,2026-08-07,1,1,0,6,3,0
R005,Eleitoral,0,Eleitoral,O54,1,RO,Centro/núcleo sem natureza de escola,Não possui,0,0,Rubrica orçamentária própria,Até R$ 250 mil,1 a 3,1 a 3,1 a 3,AVA compartilhado com o tribunal,"Produção parcial, com apoio pontual de outras áreas",Sim,Sim,Participação em programa/eventos externos (texto livre),Sim,Não realiza,"Sim, com convênios/acordos vigentes",Baixo,1,2003,1,Em parte das ações,1,0,Não aplica,0,0,Não aplica,0,0,Não aplica,0,Até 25%,0%,Acima de 50%,0%,2026-08-07,1,0,0,4,2,0
R006,Federal,0,Federal,O64,1,RS,Escola formalmente instituída,Plano próprio desatualizado/vencido,0,1,Rubrica orçamentária própria,R$ 1 mi a R$ 5 mi,Mais de 10,1 a 3,1 a 3,AVA compartilhado com o tribunal,"Produção parcial, com apoio pontual de outras áreas",Sim,Não,Participação em programa/eventos externos (texto livre),Sim,Não realiza,"Sim, com parcerias informais",Alto,1,2001,2,Na maioria das ações,1,0,Não aplica,0,0,Não aplica,0,0,Não aplica,0,Acima de 50%,26% a 50%,26% a 50%,26% a 50%,2026-08-07,1,1,1,7,5,0
R007,Militar,0,Militar,O18,1,SP,Escola formalmente instituída,Plano próprio vigente e formalizado,1,1,Custeada por rubrica geral do tribunal,Sem informação consolidada,1 a 3,1 a 3,1 a 3,AVA próprio,Não há capacidade própria de produção,Sim,Sim,Não desenvolve,Não,Não realiza,"Sim, com convênios/acordos vigentes",Moderado,1,2014,0,Não aplica,0,0,Não aplica,0,0,Não aplica,0,0,Não aplica,0,Acima de 50%,Até 25%,0%,Até 25%,2026-08-10,1,1,0,4,3,0
R008,Eleitoral,0,Eleitoral,O35,1,AL,Escola formalmente instituída,Em elaboração,0,1,Rubrica orçamentária própria,R$ 250 mil a R$ 1 mi,4 a 10,4 a 10,1 a 3,Sem AVA,"Produção parcial, com apoio pontual de outras áreas",Sim,Sim,Não desenvolve,Não,Não realiza,"Sim, com convênios/acordos vigentes",Alto,0,2003,0,Não aplica,0,0,Não aplica,0,0,Não aplica,0,0,Não aplica,0,Acima de 50%,0%,Até 25%,Até 25%,2026-08-10,0,1,0,2,0,0
R009,Eleitoral,0,Eleitoral,O43,2,MA,Escola formalmente instituída,Não possui,0,0,Rubrica orçamentária própria,Até R$ 250 mil,1 a 3,1 a 3,1 a 3,AVA de outra instituição (ENFAM/ENAJU/outra),"Produção parcial, com apoio pontual de outras áreas",Sim,Sim,Ações pontuais,Sim,Não realiza,"Sim, com convênios/acordos vigentes",Moderado,0,2003,2,Na maioria das ações,1,2,Na maioria das ações,1,0,Não aplica,0,0,Não aplica,0,0%,0%,Acima de 50%,Até 25%,2026-08-10,1,1,0,3,2,0
R010,Estadual,0,Estadual,O12,1,GO,Escola formalmente instituída,Plano próprio vigente e formalizado,1,1,Rubrica específica de capacitação gerida pelo tribunal (texto livre),Acima de R$ 5 mi,Mais de 10,Mais de 10,1 a 3,AVA próprio,"Equipe multidisciplinar dedicada, com designer instrucional, audiovisual e TI",Sim,Sim,Ações pontuais,Sim,"Sim, de forma pontual","Sim, com convênios/acordos vigentes",Alto,1,2015,2,Na maioria das ações,1,1,Em parte das ações,1,1,Em parte das ações,1,1,Em parte das ações,1,Até 25%,26% a 50%,Até 25%,26% a 50%,2026-08-12,1,1,0,17,5,0
R011,Eleitoral,0,Eleitoral,O56,1,RS,Escola formalmente instituída,Plano próprio vigente e formalizado,1,1,Rubrica orçamentária própria,Até R$ 250 mil,4 a 10,(sem resposta),(sem resposta),AVA próprio,Não há capacidade própria de produção,Sim,Não,Ações pontuais,Sim,Não realiza,"Sim, com convênios/acordos vigentes",Moderado,1,2010,2,Na maioria das ações,1,0,Não aplica,0,0,Não aplica,0,0,Não aplica,0,26% a 50%,26% a 50%,26% a 50%,Até 25%,2026-08-13,1,1,0,3,4,0
R012,Eleitoral,0,Eleitoral,O46,1,MT,Escola formalmente instituída,Adota o planejamento estratégico do tribunal,0,1,Rubrica orçamentária própria,Até R$ 250 mil,1 a 3,(sem resposta),(sem resposta),Sem AVA,Não há capacidade própria de produção,Sim,Sim,Não desenvolve,Sim,Não realiza,"Sim, com convênios/acordos vigentes",Alto,0,2003,2,Na maioria das ações,1,0,Não aplica,0,2,Na maioria das ações,1,0,Não aplica,0,0%,0%,Acima de 50%,0%,2026-08-14,0,1,0,3,3,0
R013,Estadual,0,Estadual,O23,1,PI,Escola formalmente instituída,Plano próprio vigente e formalizado,1,1,Rubrica orçamentária própria,Acima de R$ 5 mi,1 a 3,Mais de 10,1 a 3,AVA próprio,"Equipe multidisciplinar dedicada, com designer instrucional, audiovisual e TI",Sim,Sim,Programa permanente com certificação,Sim,Não realiza,"Sim, com convênios/acordos vigentes",Alto,1,2012,2,Na maioria das ações,1,1,Em parte das ações,1,0,Não aplica,0,0,Não aplica,0,26% a 50%,26% a 50%,Acima de 50%,26% a 50%,2026-08-14,1,1,0,12,5,0
R014,Federal,0,Federal,O65,1,PE,Setor de capacitação (gestão de pessoas),Não possui,0,0,Rubrica orçamentária própria,Até R$ 250 mil,4 a 10,4 a 10,Nenhum,Sem AVA,Não há capacidade própria de produção,Sim,Não,Não desenvolve,Sim,"Sim, de forma pontual","Sim, com convênios/acordos vigentes",Alto,0,2021,2,Na maioria das ações,1,1,Em parte das ações,1,0,Não aplica,0,0,Não aplica,0,Acima de 50%,Até 25%,Até 25%,Até 25%,2026-08-14,0,1,0,6,5,0
R015,Eleitoral,0,Eleitoral,O60,2,TO,Escola formalmente instituída,Não possui,0,0,Rubrica orçamentária própria,R$ 250 mil a R$ 1 mi,1 a 3,1 a 3,1 a 3,AVA compartilhado com o tribunal,"Produção parcial, com apoio pontual de outras áreas",Sim,Sim,Não desenvolve,Sim,Não realiza,"Sim, com convênios/acordos vigentes",Alto,0,2003,2,Na maioria das ações,1,0,Não aplica,0,0,Não aplica,0,0,Não aplica,0,26% a 50%,Até 25%,26% a 50%,Até 25%,2026-08-14,1,1,0,2,1,0
R016,Estadual,0,Estadual,O07,1,AP,Escola formalmente instituída,Plano próprio desatualizado/vencido,0,1,Rubrica orçamentária própria,R$ 1 mi a R$ 5 mi,1 a 3,1 a 3,Nenhum,AVA próprio,Não há capacidade própria de produção,Em elaboração,Sim,Ações pontuais,Sim,Não realiza,"Sim, com convênios/acordos vigentes",Alto,1,2005,2,Na maioria das ações,1,0,Não aplica,0,0,Não aplica,0,0,Não aplica,0,Acima de 50%,26% a 50%,Até 25%,Até 25%,2026-08-14,1,1,0,7,5,0
R017,Estadual,0,Estadual,O22,1,PE,Escola formalmente instituída,Não possui,0,0,Rubrica orçamentária própria,Acima de R$ 5 mi,Mais de 10,Mais de 10,Nenhum,AVA próprio,"Produção parcial, com apoio pontual de outras áreas",Sim,Sim,Programa permanente com certificação,Sim,Não realiza,"Sim, com convênios/acordos vigentes",Alto,1,1987,2,Na maioria das ações,1,1,Em parte das ações,1,0,Não aplica,0,0,Não aplica,0,26% a 50%,Acima de 50%,Acima de 50%,Até 25%,2026-08-17,1,1,0,7,5,0
R018,Trabalho,0,Trabalho,O72,1,RO,Escola formalmente instituída,Plano próprio vigente e formalizado,1,1,Rubrica orçamentária própria,R$ 1 mi a R$ 5 mi,4 a 10,1 a 3,1 a 3,AVA próprio,Não há capacidade própria de produção,Sim,Não,Ações pontuais,Sim,Não realiza,"Sim, com convênios/acordos vigentes",Alto,1,2000,1,Em parte das ações,1,0,Não aplica,0,0,Não aplica,0,1,Em parte das ações,1,26% a 50%,Até 25%,0%,Acima de 50%,2026-08-18,1,1,0,14,5,1
R019,Eleitoral,0,Eleitoral,O51,1,PR,Escola formalmente instituída,Plano próprio vigente e formalizado,1,1,Rubrica orçamentária própria,R$ 250 mil a R$ 1 mi,Mais de 10,4 a 10,1 a 3,AVA próprio,"Produção parcial, com apoio pontual de outras áreas",Sim,Sim,Ações pontuais,Sim,Não realiza,"Sim, com convênios/acordos vigentes",Moderado,1,2003,2,Na maioria das ações,1,1,Em parte das ações,1,0,Não aplica,0,0,Não aplica,0,Até 25%,Até 25%,Acima de 50%,Até 25%,2026-08-18,1,1,0,10,2,0
R020,Estadual,0,Estadual,O24,1,PR,Escola formalmente instituída,Plano próprio vigente e formalizado,1,1,Rubrica orçamentária própria,R$ 1 mi a R$ 5 mi,Mais de 10,4 a 10,1 a 3,AVA próprio,"Equipe multidisciplinar dedicada, com designer instrucional, audiovisual e TI",Sim,Sim,Programa permanente com certificação,Sim,Não realiza,"Sim, com convênios/acordos vigentes",Alto,1,2021,2,Na maioria das ações,1,2,Na maioria das ações,1,2,Na maioria das ações,1,0,Não aplica,0,26% a 50%,Acima de 50%,26% a 50%,Até 25%,2026-08-18,1,1,0,9,5,0
R021,Federal,0,Federal,O61,2,DF,Centro/núcleo sem natureza de escola,Plano próprio vigente e formalizado,1,1,Rubrica específica de capacitação gerida pelo tribunal (texto livre),R$ 250 mil a R$ 1 mi,4 a 10,4 a 10,Nenhum,AVA próprio,"Produção parcial, com apoio pontual de outras áreas",Sim,Sim,Ações pontuais,Sim,Não realiza,"Sim, com convênios/acordos vigentes",Moderado,1,2015,2,Na maioria das ações,1,1,Em parte das ações,1,1,Em parte das ações,1,0,Não aplica,0,Acima de 50%,Até 25%,Até 25%,Até 25%,2026-08-18,1,1,0,5,2,0
R022,Militar,0,Militar,O04,2,DF,Escola formalmente instituída,Em elaboração,0,1,Rubrica orçamentária própria,R$ 250 mil a R$ 1 mi,Mais de 10,Mais de 10,1 a 3,AVA próprio,"Equipe multidisciplinar dedicada, com designer instrucional, audiovisual e TI",Sim,Sim,Programa permanente com certificação,Sim,"Sim, de forma pontual","Sim, com convênios/acordos vigentes",Alto,1,2015,2,Na maioria das ações,1,1,Em parte das ações,1,1,Em parte das ações,1,1,Em parte das ações,1,26% a 50%,26% a 50%,Até 25%,Até 25%,2026-08-18,1,1,0,6,3,0
R023,Trabalho,0,Trabalho,O76,1,GO,Escola formalmente instituída,Não possui,0,0,Rubrica orçamentária própria,R$ 250 mil a R$ 1 mi,Mais de 10,4 a 10,1 a 3,AVA próprio,"Equipe multidisciplinar dedicada, com designer instrucional, audiovisual e TI",Sim,Sim,Ações pontuais,Sim,"Sim, de forma pontual","Sim, com convênios/acordos vigentes",Alto,1,2006,0,Não aplica,0,0,Não aplica,0,0,Não aplica,0,0,Não aplica,0,Acima de 50%,26% a 50%,Até 25%,Até 25%,2026-08-19,1,1,0,12,3,0
R024,Eleitoral,0,Eleitoral,O60,2,TO,Setor de capacitação (gestão de pessoas),Não possui,0,0,Rubrica orçamentária própria,R$ 250 mil a R$ 1 mi,1 a 3,1 a 3,Nenhum,AVA compartilhado com o tribunal,"Produção parcial, com apoio pontual de outras áreas",Sim,Sim,Não desenvolve,Sim,Não realiza,"Sim, com convênios/acordos vigentes",Alto,0,2007,2,Na maioria das ações,1,0,Não aplica,0,0,Não aplica,0,0,Não aplica,0,26% a 50%,Até 25%,Até 25%,Até 25%,2026-08-19,1,1,1,14,5,0
R025,Trabalho,0,Trabalho,O74,1,MA,Escola formalmente instituída,Não possui,0,0,Rubrica orçamentária própria,R$ 1 mi a R$ 5 mi,4 a 10,4 a 10,4 a 10,AVA próprio,Não há capacidade própria de produção,Sim,Sim,Não desenvolve,Sim,Não realiza,"Sim, com convênios/acordos vigentes",Moderado,1,2009,2,Na maioria das ações,1,0,Não aplica,0,0,Não aplica,0,0,Não aplica,0,Acima de 50%,0%,26% a 50%,Até 25%,2026-08-20,1,1,0,7,5,0
R026,Federal,0,Federal,O66,1,MG,Escola formalmente instituída,Plano próprio vigente e formalizado,1,1,Rubrica orçamentária própria,R$ 250 mil a R$ 1 mi,1 a 3,1 a 3,1 a 3,AVA próprio,"Produção parcial, com apoio pontual de outras áreas",Sim,Sim,Não desenvolve,Sim,Não realiza,"Sim, com convênios/acordos vigentes",Alto,1,2022,1,Em parte das ações,1,0,Não aplica,0,0,Não aplica,0,0,Não aplica,0,Acima de 50%,0%,0%,Acima de 50%,2026-08-20,1,1,0,8,5,0
R027,Trabalho,0,Trabalho,O73,1,SP,Escola formalmente instituída,Não possui,0,0,Rubrica orçamentária própria,R$ 1 mi a R$ 5 mi,Mais de 10,4 a 10,1 a 3,AVA próprio,"Produção parcial, com apoio pontual de outras áreas",Sim,Sim,Ações pontuais,Sim,Não realiza,"Sim, com convênios/acordos vigentes",Moderado,1,1991,2,Na maioria das ações,1,2,Na maioria das ações,1,0,Não aplica,0,0,Não aplica,0,26% a 50%,Até 25%,Até 25%,Acima de 50%,2026-08-20,1,1,0,14,5,0
R028,Estadual,0,Estadual,O27,1,RO,Escola formalmente instituída,Plano próprio vigente e formalizado,1,1,Rubrica orçamentária própria,Acima de R$ 5 mi,Mais de 10,Mais de 10,4 a 10,AVA próprio,"Produção parcial, com apoio pontual de outras áreas",Sim,Sim,Ações pontuais,Sim,Não realiza,"Sim, com convênios/acordos vigentes",Moderado,1,1986,2,Na maioria das ações,1,0,Não aplica,0,2,Na maioria das ações,1,0,Não aplica,0,Acima de 50%,Até 25%,Até 25%,Até 25%,2026-08-20,1,1,0,17,5,0
R029,Eleitoral,0,Eleitoral,O50,2,PI,Escola formalmente instituída,Adota o planejamento estratégico do tribunal,0,1,Rubrica orçamentária própria,Até R$ 250 mil,4 a 10,4 a 10,1 a 3,AVA próprio,Não há capacidade própria de produção,Sim,Sim,Não desenvolve,Sim,Não realiza,"Sim, com convênios/acordos vigentes",Moderado,1,2005,2,Na maioria das ações,1,0,Não aplica,0,0,Não aplica,0,0,Não aplica,0,Até 25%,0%,Até 25%,Acima de 50%,2026-08-20,1,1,0,6,5,0
R030,Trabalho,0,Trabalho,O86,1,BA,Escola formalmente instituída,Plano próprio vigente e formalizado,1,1,Rubrica orçamentária própria,R$ 1 mi a R$ 5 mi,Mais de 10,1 a 3,1 a 3,AVA próprio,"Produção parcial, com apoio pontual de outras áreas",Sim,Sim,Ações pontuais,Sim,"Sim, de forma pontual","Sim, com convênios/acordos vigentes",Alto,1,1992,2,Na maioria das ações,1,2,Na maioria das ações,1,2,Na maioria das ações,1,2,Na maioria das ações,1,26% a 50%,Acima de 50%,Até 25%,Até 25%,2026-08-20,1,1,0,17,4,0
R031,Trabalho,0,Trabalho,O68,1,DF,Escola formalmente instituída,Não possui,0,0,Rubrica orçamentária própria,R$ 1 mi a R$ 5 mi,4 a 10,Nenhum,1 a 3,AVA próprio,"Produção parcial, com apoio pontual de outras áreas",Sim,Sim,Ações pontuais,Sim,Não realiza,"Sim, com convênios/acordos vigentes",Moderado,1,1994,2,Na maioria das ações,1,1,Em parte das ações,1,0,Não aplica,0,0,Não aplica,0,26% a 50%,Até 25%,Até 25%,Até 25%,2026-08-20,1,1,0,15,5,0
R032,Estadual,0,Estadual,O08,1,BA,Escola formalmente instituída,Plano próprio vigente e formalizado,1,1,Rubrica orçamentária própria,R$ 1 mi a R$ 5 mi,1 a 3,4 a 10,1 a 3,AVA próprio,"Produção parcial, com apoio pontual de outras áreas",Em elaboração,Sim,Ações pontuais,Sim,Não realiza,"Sim, com convênios/acordos vigentes",Alto,1,2008,2,Na maioria das ações,1,1,Em parte das ações,1,0,Não aplica,0,0,Não aplica,0,26% a 50%,26% a 50%,26% a 50%,Até 25%,2026-08-21,1,1,0,8,5,0
R033,Eleitoral,0,Eleitoral,O50,2,PI,Setor de capacitação (gestão de pessoas),Plano próprio vigente e formalizado,1,1,Custeada por rubrica geral do tribunal,Até R$ 250 mil,4 a 10,4 a 10,Nenhum,AVA próprio,"Produção parcial, com apoio pontual de outras áreas",Sim,Não,Não desenvolve,Não,"Sim, de forma pontual","Sim, com convênios/acordos vigentes",Moderado,1,1995,0,Não aplica,0,0,Não aplica,0,0,Não aplica,0,0,Não aplica,0,Até 25%,Acima de 50%,26% a 50%,0%,2026-08-21,1,1,1,13,5,0
R034,Eleitoral,0,Eleitoral,O48,1,PB,Escola formalmente instituída,Não possui,0,0,Rubrica orçamentária própria,R$ 250 mil a R$ 1 mi,4 a 10,4 a 10,1 a 3,Sem AVA,Não há capacidade própria de produção,Sim,Sim,Não desenvolve,Sim,Não realiza,"Sim, com convênios/acordos vigentes",Moderado,1,2002,2,Na maioria das ações,1,2,Na maioria das ações,1,2,Na maioria das ações,1,1,Em parte das ações,1,Até 25%,Acima de 50%,0%,Até 25%,2026-08-24,0,1,0,7,5,0
R035,Estadual,0,Estadual,O14,1,MG,Escola formalmente instituída,Plano próprio vigente e formalizado,1,1,Rubrica orçamentária própria,Acima de R$ 5 mi,Mais de 10,Mais de 10,1 a 3,AVA próprio,"Equipe multidisciplinar dedicada, com designer instrucional, audiovisual e TI",Sim,Sim,Programa permanente com certificação,Sim,"Sim, de forma pontual","Sim, com convênios/acordos vigentes",Alto,1,1977,2,Na maioria das ações,1,2,Na maioria das ações,1,2,Na maioria das ações,1,1,Em parte das ações,1,26% a 50%,26% a 50%,Até 25%,Até 25%,2026-08-24,1,1,0,9,5,0
R036,Federal,0,Federal,O61,2,DF,Escola formalmente instituída,Plano próprio vigente e formalizado,1,1,Rubrica orçamentária própria,R$ 1 mi a R$ 5 mi,4 a 10,4 a 10,1 a 3,AVA próprio,"Equipe multidisciplinar dedicada, com designer instrucional, audiovisual e TI",Sim,Sim,Ações pontuais,Não,Não realiza,"Sim, com convênios/acordos vigentes",Moderado,1,2000,1,Em parte das ações,1,0,Não aplica,0,0,Não aplica,0,0,Não aplica,0,26% a 50%,0%,26% a 50%,Até 25%,2026-08-24,1,1,0,17,5,0
R037,Estadual,0,Estadual,O20,1,PA,Escola formalmente instituída,Não possui,0,0,Custeada por rubrica geral do tribunal,R$ 1 mi a R$ 5 mi,4 a 10,Mais de 10,4 a 10,AVA próprio,"Produção parcial, com apoio pontual de outras áreas",Sim,Sim,Ações pontuais,Sim,"Sim, de forma pontual","Sim, com convênios/acordos vigentes",Alto,0,1982,2,Na maioria das ações,1,2,Na maioria das ações,1,1,Em parte das ações,1,1,Em parte das ações,1,Acima de 50%,Acima de 50%,26% a 50%,26% a 50%,2026-08-24,1,1,0,17,5,0
R038,Estadual,0,Estadual,O05,1,AC,Escola formalmente instituída,Plano próprio desatualizado/vencido,0,1,Rubrica orçamentária própria,R$ 1 mi a R$ 5 mi,Mais de 10,4 a 10,1 a 3,AVA próprio,"Produção parcial, com apoio pontual de outras áreas",Sim,Sim,Programa permanente com certificação,Sim,Não realiza,"Sim, com convênios/acordos vigentes",Alto,1,2013,2,Na maioria das ações,1,2,Na maioria das ações,1,0,Não aplica,0,0,Não aplica,0,Acima de 50%,26% a 50%,Acima de 50%,Acima de 50%,2026-08-24,1,1,0,9,5,0
R039,Eleitoral,0,Eleitoral,O42,2,GO,Setor de capacitação (gestão de pessoas),Não possui,0,0,Rubrica orçamentária própria,R$ 250 mil a R$ 1 mi,1 a 3,1 a 3,Nenhum,AVA compartilhado com o tribunal,Não há capacidade própria de produção,Sim,Sim,Não desenvolve,Sim,Não realiza,Não mantém parcerias,Moderado,1,2006,2,Na maioria das ações,1,2,Na maioria das ações,1,0,Não aplica,0,2,Na maioria das ações,1,Acima de 50%,Até 25%,0%,Até 25%,2026-08-24,1,1,0,6,2,1
R040,Estadual,0,Estadual,O25,2,RJ,Escola formalmente instituída,Em elaboração,0,1,Rubrica orçamentária própria,Acima de R$ 5 mi,Mais de 10,4 a 10,Mais de 10,AVA compartilhado com o tribunal,"Equipe multidisciplinar dedicada, com designer instrucional, audiovisual e TI",Sim,Sim,Programa permanente com certificação,Sim,Não realiza,"Sim, com convênios/acordos vigentes",Alto,1,1974,2,Na maioria das ações,1,1,Em parte das ações,1,0,Não aplica,0,0,Não aplica,0,Até 25%,Acima de 50%,Acima de 50%,Até 25%,2026-08-25,1,1,0,15,4,0
R041,Federal,0,Federal,O63,2,SP,Setor de capacitação (gestão de pessoas),Plano próprio vigente e formalizado,1,1,Rubrica orçamentária própria,R$ 1 mi a R$ 5 mi,4 a 10,4 a 10,1 a 3,AVA compartilhado com o tribunal,"Equipe multidisciplinar dedicada, com designer instrucional, audiovisual e TI",Sim,Sim,Ações pontuais,Sim,Não realiza,"Sim, com convênios/acordos vigentes",Moderado,1,2011,2,Na maioria das ações,1,0,Não aplica,0,0,Não aplica,0,2,Na maioria das ações,1,Acima de 50%,Até 25%,Até 25%,0%,2026-08-25,1,1,0,17,5,1
R042,Estadual,0,Estadual,O30,1,SC,Escola formalmente instituída,Plano próprio vigente e formalizado,1,1,Rubrica orçamentária própria,Acima de R$ 5 mi,Mais de 10,Mais de 10,4 a 10,AVA próprio,"Equipe multidisciplinar dedicada, com designer instrucional, audiovisual e TI",Em elaboração,Sim,Ações pontuais,Sim,"Sim, de forma sistemática","Sim, com convênios/acordos vigentes",Alto,1,2001,2,Na maioria das ações,1,1,Em parte das ações,1,0,Não aplica,0,0,Não aplica,0,Acima de 50%,Até 25%,Até 25%,Até 25%,2026-08-25,1,1,1,8,5,0
R043,Eleitoral,0,Eleitoral,O39,2,CE,Escola formalmente instituída,Plano próprio vigente e formalizado,1,1,Rubrica orçamentária própria,R$ 250 mil a R$ 1 mi,4 a 10,4 a 10,1 a 3,AVA compartilhado com o tribunal,Não há capacidade própria de produção,Sim,Sim,Não desenvolve,Sim,Não realiza,"Sim, com convênios/acordos vigentes",Alto,1,2003,1,Em parte das ações,1,0,Não aplica,0,0,Não aplica,0,0,Não aplica,0,26% a 50%,0%,26% a 50%,26% a 50%,2026-08-26,1,1,0,4,1,0
R044,Trabalho,0,Trabalho,O70,1,SC,Escola formalmente instituída,Apenas plano anual (PAC/PAT),0,0,Rubrica orçamentária própria,R$ 1 mi a R$ 5 mi,Mais de 10,4 a 10,1 a 3,AVA próprio,"Equipe multidisciplinar dedicada, com designer instrucional, audiovisual e TI",Sim,Sim,Não desenvolve,Sim,Não realiza,"Sim, com parcerias informais",Alto,1,2005,2,Na maioria das ações,1,2,Na maioria das ações,1,0,Não aplica,0,0,Não aplica,0,26% a 50%,Acima de 50%,Até 25%,Acima de 50%,2026-08-26,1,1,0,16,1,0
R045,Eleitoral,0,Eleitoral,O58,2,SE,Escola formalmente instituída,Não possui,0,0,Rubrica orçamentária própria,Até R$ 250 mil,1 a 3,1 a 3,1 a 3,Sem AVA,Não há capacidade própria de produção,Sim,Sim,Não desenvolve,Sim,Não realiza,"Sim, com convênios/acordos vigentes",Baixo,1,2003,2,Na maioria das ações,1,0,Não aplica,0,0,Não aplica,0,0,Não aplica,0,Acima de 50%,0%,Até 25%,Até 25%,2026-08-26,0,0,0,2,1,0
R046,Estadual,0,Estadual,O13,1,MA,Escola formalmente instituída,Em elaboração,0,1,Rubrica orçamentária própria,R$ 250 mil a R$ 1 mi,Mais de 10,Mais de 10,(sem resposta),AVA próprio,"Equipe multidisciplinar dedicada, com designer instrucional, audiovisual e TI",Sim,Sim,Programa permanente com certificação,Sim,"Sim, de forma sistemática","Sim, com convênios/acordos vigentes",Alto,1,1986,2,Na maioria das ações,1,2,Na maioria das ações,1,2,Na maioria das ações,1,2,Na maioria das ações,1,Acima de 50%,Até 25%,Até 25%,Até 25%,2026-08-27,1,1,0,8,5,0
R047,Eleitoral,0,Eleitoral,O53,1,RN,Escola formalmente instituída,Não possui,0,0,Rubrica específica de capacitação gerida pelo tribunal (texto livre),R$ 250 mil a R$ 1 mi,4 a 10,4 a 10,1 a 3,AVA próprio,"Equipe multidisciplinar dedicada, com designer instrucional, audiovisual e TI",Sim,Sim,Não desenvolve,Não,Não realiza,"Sim, com convênios/acordos vigentes",Alto,1,2003,0,Não aplica,0,0,Não aplica,0,0,Não aplica,0,0,Não aplica,0,Até 25%,Até 25%,Até 25%,26% a 50%,2026-08-27,1,1,0,5,2,0
R048,Superior/Conselho,0,Superior/Conselho,O02,1,DF,Setor de capacitação (gestão de pessoas),Plano próprio vigente e formalizado,1,1,Rubrica orçamentária própria,R$ 250 mil a R$ 1 mi,4 a 10,4 a 10,Nenhum,AVA próprio,"Produção parcial, com apoio pontual de outras áreas",Sim,Sim,Não desenvolve,Sim,"Sim, de forma sistemática","Sim, com convênios/acordos vigentes",Alto,1,2017,2,Na maioria das ações,1,1,Em parte das ações,1,0,Não aplica,0,2,Na maioria das ações,1,26% a 50%,Acima de 50%,26% a 50%,Até 25%,2026-08-27,1,1,0,6,4,1
R049,Federal,0,Federal,O63,2,SP,Escola formalmente instituída,Plano próprio vigente e formalizado,1,1,Rubrica orçamentária própria,R$ 1 mi a R$ 5 mi,4 a 10,4 a 10,Nenhum,AVA próprio,"Produção parcial, com apoio pontual de outras áreas",Sim,Sim,Não desenvolve,Sim,Não realiza,"Sim, com parcerias informais",Moderado,1,2025,2,Na maioria das ações,1,0,Não aplica,0,0,Não aplica,0,0,Não aplica,0,Até 25%,26% a 50%,26% a 50%,Até 25%,2026-08-27,1,1,1,10,5,0
R050,Trabalho,0,Trabalho,O82,1,MT,Escola formalmente instituída,Plano próprio vigente e formalizado,1,1,Rubrica orçamentária própria,R$ 1 mi a R$ 5 mi,4 a 10,4 a 10,4 a 10,AVA próprio,"Produção parcial, com apoio pontual de outras áreas",Sim,Sim,Ações pontuais,Sim,Não realiza,"Sim, com convênios/acordos vigentes",Alto,1,1994,2,Na maioria das ações,1,1,Em parte das ações,1,0,Não aplica,0,0,Não aplica,0,Até 25%,26% a 50%,Até 25%,Acima de 50%,2026-08-27,1,1,0,16,5,0
R051,Estadual,0,Estadual,O32,1,SP,Escola formalmente instituída,Plano próprio vigente e formalizado,1,1,Rubrica orçamentária própria,Até R$ 250 mil,Mais de 10,1 a 3,1 a 3,AVA próprio,"Equipe multidisciplinar dedicada, com designer instrucional, audiovisual e TI",Sim,Sim,Não desenvolve,Sim,Não realiza,"Sim, com parcerias informais",Alto,1,2014,2,Na maioria das ações,1,2,Na maioria das ações,1,2,Na maioria das ações,1,0,Não aplica,0,Até 25%,Acima de 50%,Até 25%,Até 25%,2026-08-27,1,1,0,16,4,0
R052,Eleitoral,0,Eleitoral,O45,1,MS,Escola formalmente instituída,Plano próprio vigente e formalizado,1,1,Rubrica orçamentária própria,R$ 250 mil a R$ 1 mi,4 a 10,4 a 10,1 a 3,AVA compartilhado com o tribunal,"Produção parcial, com apoio pontual de outras áreas",Sim,Sim,Ações pontuais,Sim,Não realiza,"Sim, com parcerias informais",Alto,1,2009,2,Na maioria das ações,1,2,Na maioria das ações,1,2,Na maioria das ações,1,0,Não aplica,0,26% a 50%,26% a 50%,0%,0%,2026-08-27,1,1,0,6,5,0
R053,Trabalho,0,Trabalho,O79,1,SE,Escola formalmente instituída,Plano próprio vigente e formalizado,1,1,Rubrica orçamentária própria,R$ 1 mi a R$ 5 mi,4 a 10,1 a 3,1 a 3,AVA próprio,Não há capacidade própria de produção,Sim,Não,Ações pontuais,Não,"Sim, de forma pontual",Não mantém parcerias,Moderado,1,2013,1,Em parte das ações,1,1,Em parte das ações,1,1,Em parte das ações,1,1,Em parte das ações,1,Acima de 50%,Até 25%,Até 25%,Até 25%,2026-08-28,1,1,0,12,4,0
R054,Trabalho,0,Trabalho,O88,1,CE,Escola formalmente instituída,Plano próprio vigente e formalizado,1,1,Rubrica orçamentária própria,R$ 250 mil a R$ 1 mi,1 a 3,1 a 3,1 a 3,AVA próprio,"Produção parcial, com apoio pontual de outras áreas",Sim,Sim,Não desenvolve,Sim,Não realiza,"Sim, com convênios/acordos vigentes",Moderado,1,2006,2,Na maioria das ações,1,2,Na maioria das ações,1,0,Não aplica,0,0,Não aplica,0,Acima de 50%,26% a 50%,Até 25%,Até 25%,2026-08-28,1,1,0,7,4,0
R055,Eleitoral,0,Eleitoral,O36,2,AM,Escola formalmente instituída,Em elaboração,0,1,Rubrica orçamentária própria,Até R$ 250 mil,1 a 3,1 a 3,1 a 3,AVA compartilhado com o tribunal,"Produção parcial, com apoio pontual de outras áreas",Sim,Sim,Não desenvolve,Sim,Não realiza,"Sim, com convênios/acordos vigentes",Alto,1,2003,2,Na maioria das ações,1,1,Em parte das ações,1,1,Em parte das ações,1,1,Em parte das ações,1,Acima de 50%,Acima de 50%,0%,Até 25%,2026-08-28,1,1,0,13,5,0
R056,Militar,0,Militar,O16,1,RS,Escola formalmente instituída,Plano próprio vigente e formalizado,1,1,Custeada por rubrica geral do tribunal,Até R$ 250 mil,Nenhum,1 a 3,1 a 3,Sem AVA,Não há capacidade própria de produção,Sim,Sim,Não desenvolve,Sim,"Sim, de forma pontual","Sim, com convênios/acordos vigentes",Moderado,0,2018,1,Em parte das ações,1,1,Em parte das ações,1,1,Em parte das ações,1,1,Em parte das ações,1,26% a 50%,Acima de 50%,Até 25%,26% a 50%,2026-08-28,0,1,0,16,5,0
R057,Estadual,0,Estadual,O09,2,CE,Escola formalmente instituída,Plano próprio desatualizado/vencido,0,1,Custeada por rubrica geral do tribunal,Até R$ 250 mil,4 a 10,4 a 10,1 a 3,AVA compartilhado com o tribunal,"Produção parcial, com apoio pontual de outras áreas",Sim,Sim,Programa permanente com certificação,Sim,Não realiza,"Sim, com convênios/acordos vigentes",Alto,0,1986,2,Na maioria das ações,1,2,Na maioria das ações,1,0,Não aplica,0,0,Não aplica,0,26% a 50%,Até 25%,Até 25%,26% a 50%,2026-08-28,1,1,0,10,5,0
R058,Trabalho,0,Trabalho,O71,1,PB,Escola formalmente instituída,Plano próprio vigente e formalizado,1,1,Rubrica orçamentária própria,R$ 250 mil a R$ 1 mi,4 a 10,4 a 10,4 a 10,AVA próprio,Não há capacidade própria de produção,Sim,Sim,Não desenvolve,Sim,"Sim, de forma sistemática","Sim, com convênios/acordos vigentes",Moderado,1,2007,2,Na maioria das ações,1,1,Em parte das ações,1,0,Não aplica,0,2,Na maioria das ações,1,Acima de 50%,Até 25%,0%,Até 25%,2026-08-28,1,1,0,7,4,1
R059,Trabalho,0,Trabalho,O89,2,PA,Escola formalmente instituída,Plano próprio vigente e formalizado,1,1,Rubrica orçamentária própria,R$ 250 mil a R$ 1 mi,4 a 10,4 a 10,1 a 3,AVA compartilhado com o tribunal,"Produção parcial, com apoio pontual de outras áreas",Sim,Sim,Não desenvolve,Sim,Não realiza,"Sim, com convênios/acordos vigentes",Alto,1,2001,2,Na maioria das ações,1,0,Não aplica,0,2,Na maioria das ações,1,0,Não aplica,0,Acima de 50%,Até 25%,Até 25%,Acima de 50%,2026-08-28,1,1,0,9,2,0
R060,Estadual,0,Estadual,O33,1,TO,Escola formalmente instituída,Plano próprio vigente e formalizado,1,1,Rubrica orçamentária própria,Acima de R$ 5 mi,4 a 10,Mais de 10,1 a 3,AVA próprio,"Equipe multidisciplinar dedicada, com designer instrucional, audiovisual e TI",Sim,Sim,Programa permanente com certificação,Sim,Não realiza,"Sim, com convênios/acordos vigentes",Alto,1,2003,2,Na maioria das ações,1,2,Na maioria das ações,1,1,Em parte das ações,1,1,Em parte das ações,1,26% a 50%,26% a 50%,Até 25%,Até 25%,2026-08-28,1,1,0,11,4,0
R061,Estadual,0,Estadual,O25,2,RJ,Escola formalmente instituída,Plano próprio vigente e formalizado,1,1,Custeada por rubrica geral do tribunal,R$ 1 mi a R$ 5 mi,1 a 3,4 a 10,Nenhum,AVA próprio,"Equipe multidisciplinar dedicada, com designer instrucional, audiovisual e TI",Sim,Sim,Não desenvolve,Sim,Não realiza,"Sim, com convênios/acordos vigentes",Moderado,1,2022,2,Na maioria das ações,1,1,Em parte das ações,1,0,Não aplica,0,0,Não aplica,0,26% a 50%,0%,0%,Acima de 50%,2026-08-28,1,1,0,5,3,0
R062,Trabalho,0,Trabalho,O83,1,MS,Escola formalmente instituída,Não possui,0,0,Rubrica orçamentária própria,R$ 1 mi a R$ 5 mi,4 a 10,4 a 10,1 a 3,AVA próprio,Não há capacidade própria de produção,Sim,Sim,Não desenvolve,Sim,Não realiza,"Sim, com convênios/acordos vigentes",Moderado,1,2001,2,Na maioria das ações,1,1,Em parte das ações,1,0,Não aplica,0,0,Não aplica,0,26% a 50%,Até 25%,26% a 50%,26% a 50%,2026-08-28,1,1,0,13,5,0
R063,Trabalho,0,Trabalho,O89,2,PA,Setor de capacitação (gestão de pessoas),Plano próprio vigente e formalizado,1,1,Rubrica orçamentária própria,R$ 250 mil a R$ 1 mi,4 a 10,1 a 3,Nenhum,AVA compartilhado com o tribunal,Não há capacidade própria de produção,Sim,Sim,Não desenvolve,Sim,Não realiza,Não mantém parcerias,Moderado,1,2007,2,Na maioria das ações,1,2,Na maioria das ações,1,0,Não aplica,0,0,Não aplica,0,26% a 50%,Até 25%,0%,Acima de 50%,2026-08-28,1,1,0,7,5,0
R064,Eleitoral,0,Eleitoral,O42,2,GO,Escola formalmente instituída,Não possui,0,0,Rubrica orçamentária própria,Até R$ 250 mil,1 a 3,1 a 3,1 a 3,AVA compartilhado com o tribunal,Não há capacidade própria de produção,Sim,Não,Não desenvolve,Sim,Não realiza,"Sim, com convênios/acordos vigentes",Alto,1,2003,2,Na maioria das ações,1,1,Em parte das ações,1,0,Não aplica,0,0,Não aplica,0,Até 25%,26% a 50%,26% a 50%,26% a 50%,2026-08-28,1,1,0,4,2,0
R065,Trabalho,0,Trabalho,O75,1,ES,Escola formalmente instituída,Plano próprio vigente e formalizado,1,1,Rubrica orçamentária própria,R$ 1 mi a R$ 5 mi,4 a 10,4 a 10,1 a 3,AVA próprio,Não há capacidade própria de produção,Sim,Sim,Não desenvolve,Sim,Não realiza,"Sim, com convênios/acordos vigentes",Alto,1,1994,2,Na maioria das ações,1,1,Em parte das ações,1,0,Não aplica,0,0,Não aplica,0,Acima de 50%,Até 25%,Até 25%,Até 25%,2026-08-28,1,1,0,11,5,0
R066,Estadual,0,Estadual,O21,1,PB,Escola formalmente instituída,Plano próprio desatualizado/vencido,0,1,Rubrica orçamentária própria,R$ 1 mi a R$ 5 mi,Mais de 10,4 a 10,4 a 10,AVA próprio,"Produção parcial, com apoio pontual de outras áreas",Sim,Sim,Programa permanente com certificação,Não,Não realiza,"Sim, com convênios/acordos vigentes",Alto,1,1983,2,Na maioria das ações,1,2,Na maioria das ações,1,0,Não aplica,0,0,Não aplica,0,Até 25%,Até 25%,Acima de 50%,26% a 50%,2026-08-28,1,1,0,11,4,0
R067,Militar,0,Militar,O15,1,MG,Escola formalmente instituída,Plano próprio vigente e formalizado,1,1,Rubrica orçamentária própria,R$ 250 mil a R$ 1 mi,1 a 3,1 a 3,1 a 3,AVA próprio,"Produção parcial, com apoio pontual de outras áreas",Sim,Sim,Ações pontuais,Sim,Não realiza,"Sim, com convênios/acordos vigentes",Moderado,1,2015,2,Na maioria das ações,1,0,Não aplica,0,0,Não aplica,0,0,Não aplica,0,Até 25%,Até 25%,26% a 50%,Até 25%,2026-08-28,1,1,0,13,5,0
R068,TJDFT,1,Estadual,O10,1,DF,Escola formalmente instituída,Plano próprio vigente e formalizado,1,1,Rubrica orçamentária própria,R$ 1 mi a R$ 5 mi,Mais de 10,Mais de 10,1 a 3,AVA próprio,"Equipe multidisciplinar dedicada, com designer instrucional, audiovisual e TI",Sim,Sim,Programa permanente com certificação,Sim,"Sim, de forma pontual","Sim, com convênios/acordos vigentes",Moderado,1,2008,2,Na maioria das ações,1,2,Na maioria das ações,1,1,Em parte das ações,1,0,Não aplica,0,Até 25%,Acima de 50%,Até 25%,Até 25%,2026-08-28,1,1,1,9,5,0
R069,Estadual,0,Estadual,O29,1,RS,Escola formalmente instituída,Plano próprio vigente e formalizado,1,1,Rubrica orçamentária própria,Acima de R$ 5 mi,Mais de 10,4 a 10,1 a 3,AVA próprio,"Equipe multidisciplinar dedicada, com designer instrucional, audiovisual e TI",Sim,Sim,Programa permanente com certificação,Sim,"Sim, de forma pontual","Sim, com convênios/acordos vigentes",Moderado,1,2015,2,Na maioria das ações,1,2,Na maioria das ações,1,1,Em parte das ações,1,1,Em parte das ações,1,26% a 50%,26% a 50%,Até 25%,Até 25%,2026-08-28,1,1,0,17,4,0
R070,Eleitoral,0,Eleitoral,O52,2,RJ,Escola formalmente instituída,Adota o planejamento estratégico do tribunal,0,1,Rubrica orçamentária própria,R$ 250 mil a R$ 1 mi,4 a 10,4 a 10,1 a 3,AVA compartilhado com o tribunal,"Produção parcial, com apoio pontual de outras áreas",Sim,Não,Ações pontuais,Sim,Não realiza,"Sim, com convênios/acordos vigentes",Alto,1,2003,1,Em parte das ações,1,1,Em parte das ações,1,0,Não aplica,0,0,Não aplica,0,26% a 50%,0%,Até 25%,26% a 50%,2026-08-28,1,1,1,5,0,0
R071,Trabalho,0,Trabalho,O67,1,RJ,Escola formalmente instituída,Plano próprio vigente e formalizado,1,1,Rubrica orçamentária própria,R$ 1 mi a R$ 5 mi,Mais de 10,Mais de 10,1 a 3,AVA próprio,"Produção parcial, com apoio pontual de outras áreas",Em elaboração,Sim,Ações pontuais,Sim,Não realiza,"Sim, com convênios/acordos vigentes",Alto,1,1996,2,Na maioria das ações,1,2,Na maioria das ações,1,0,Não aplica,0,0,Não aplica,0,Até 25%,Até 25%,Até 25%,Até 25%,2026-08-28,1,1,0,8,4,0
R072,Eleitoral,0,Eleitoral,O55,1,RR,Escola formalmente instituída,Não possui,0,0,Rubrica orçamentária própria,R$ 250 mil a R$ 1 mi,1 a 3,1 a 3,1 a 3,AVA próprio,Não há capacidade própria de produção,Sim,Sim,Não desenvolve,Sim,Não realiza,"Sim, com convênios/acordos vigentes",Alto,1,2003,1,Em parte das ações,1,0,Não aplica,0,0,Não aplica,0,0,Não aplica,0,Até 25%,Até 25%,Acima de 50%,0%,2026-08-30,1,1,0,9,4,0
R073,Estadual,0,Estadual,O31,1,SE,Escola formalmente instituída,Plano próprio vigente e formalizado,1,1,Rubrica orçamentária própria,R$ 1 mi a R$ 5 mi,Mais de 10,Mais de 10,1 a 3,AVA próprio,"Produção parcial, com apoio pontual de outras áreas",Sim,Sim,Participação em programa/eventos externos (texto livre),Sim,Não realiza,"Sim, com convênios/acordos vigentes",Moderado,1,2012,2,Na maioria das ações,1,1,Em parte das ações,1,0,Não aplica,0,0,Não aplica,0,26% a 50%,Acima de 50%,26% a 50%,Até 25%,2026-08-31,1,1,0,13,5,0
R074,Eleitoral,0,Eleitoral,O39,2,CE,Setor de capacitação (gestão de pessoas),Não possui,0,0,Rubrica orçamentária própria,R$ 250 mil a R$ 1 mi,4 a 10,1 a 3,Nenhum,AVA compartilhado com o tribunal,"Produção parcial, com apoio pontual de outras áreas",Sim,Não,Não se aplica (texto livre),Sim,Não realiza,Não mantém parcerias,Baixo,1,2006,2,Na maioria das ações,1,0,Não aplica,0,0,Não aplica,0,0,Não aplica,0,26% a 50%,Até 25%,Até 25%,26% a 50%,2026-08-31,1,0,1,9,5,0
R075,Eleitoral,0,Eleitoral,O58,2,SE,Setor de capacitação (gestão de pessoas),Plano próprio vigente e formalizado,1,1,Rubrica orçamentária própria,R$ 250 mil a R$ 1 mi,1 a 3,1 a 3,Nenhum,Sem AVA,Não há capacidade própria de produção,Sim,Não,Não desenvolve,Sim,Não realiza,"Sim, com parcerias informais",Moderado,1,1994,2,Na maioria das ações,1,0,Não aplica,0,0,Não aplica,0,2,Na maioria das ações,1,26% a 50%,26% a 50%,Até 25%,0%,2026-08-31,0,1,0,10,4,1
R076,Trabalho,0,Trabalho,O69,1,AM,Escola formalmente instituída,Plano próprio vigente e formalizado,1,1,Rubrica orçamentária própria,R$ 250 mil a R$ 1 mi,Mais de 10,4 a 10,1 a 3,AVA próprio,Não há capacidade própria de produção,Sim,Sim,Ações pontuais,Sim,"Sim, de forma sistemática","Sim, com convênios/acordos vigentes",Moderado,1,2008,2,Na maioria das ações,1,2,Na maioria das ações,1,2,Na maioria das ações,1,2,Na maioria das ações,1,Acima de 50%,Até 25%,Até 25%,Acima de 50%,2026-08-31,1,1,0,13,5,0
R077,Estadual,0,Estadual,O26,1,RN,Escola formalmente instituída,Adota o planejamento estratégico do tribunal,0,1,Rubrica orçamentária própria,Acima de R$ 5 mi,Mais de 10,Mais de 10,Mais de 10,AVA próprio,Não há capacidade própria de produção,Sim,Sim,Ações pontuais,Sim,Não realiza,"Sim, com convênios/acordos vigentes",Alto,1,1988,2,Na maioria das ações,1,0,Não aplica,0,2,Na maioria das ações,1,0,Não aplica,0,26% a 50%,Até 25%,Até 25%,Até 25%,2026-08-31,1,1,0,6,5,0
R078,Estadual,0,Estadual,O06,2,AM,Escola formalmente instituída,Plano próprio vigente e formalizado,1,1,Custeada por rubrica geral do tribunal,R$ 250 mil a R$ 1 mi,Mais de 10,4 a 10,1 a 3,AVA próprio,"Produção parcial, com apoio pontual de outras áreas",Sim,Sim,Ações pontuais,Sim,Não realiza,"Sim, com convênios/acordos vigentes",Alto,1,1997,2,Na maioria das ações,1,1,Em parte das ações,1,0,Não aplica,0,0,Não aplica,0,Até 25%,26% a 50%,Até 25%,Até 25%,2026-08-31,1,1,0,8,4,0
R079,Trabalho,0,Trabalho,O80,1,RN,Escola formalmente instituída,Plano próprio vigente e formalizado,1,1,Rubrica orçamentária própria,R$ 1 mi a R$ 5 mi,4 a 10,1 a 3,1 a 3,AVA próprio,Não há capacidade própria de produção,Sim,Sim,Ações pontuais,Não,"Sim, de forma pontual","Sim, com convênios/acordos vigentes",Alto,1,2006,2,Na maioria das ações,1,1,Em parte das ações,1,0,Não aplica,0,0,Não aplica,0,Acima de 50%,Até 25%,Até 25%,Até 25%,2026-08-31,1,1,0,7,5,0
R080,Eleitoral,0,Eleitoral,O49,2,PE,Escola formalmente instituída,Não possui,0,0,Rubrica orçamentária própria,R$ 250 mil a R$ 1 mi,4 a 10,1 a 3,1 a 3,AVA compartilhado com o tribunal,Não há capacidade própria de produção,Sim,Sim,Não desenvolve,Sim,Não realiza,"Sim, com convênios/acordos vigentes",Moderado,1,2003,1,Em parte das ações,1,1,Em parte das ações,1,1,Em parte das ações,1,1,Em parte das ações,1,26% a 50%,Acima de 50%,Até 25%,Até 25%,2026-08-31,1,1,0,5,3,0
R081,Eleitoral,0,Eleitoral,O49,2,PE,Setor de capacitação (gestão de pessoas),Não possui,0,0,Rubrica orçamentária própria,R$ 250 mil a R$ 1 mi,4 a 10,1 a 3,Nenhum,AVA próprio,Não há capacidade própria de produção,Sim,Sim,Não desenvolve,Sim,"Sim, de forma sistemática",Não mantém parcerias,Moderado,1,2006,2,Na maioria das ações,1,0,Não aplica,0,0,Não aplica,0,1,Em parte das ações,1,26% a 50%,Até 25%,26% a 50%,Até 25%,2026-08-31,1,1,0,5,1,1
R082,Trabalho,0,Trabalho,O81,1,PI,Escola formalmente instituída,Não possui,0,0,Rubrica orçamentária própria,R$ 250 mil a R$ 1 mi,4 a 10,4 a 10,1 a 3,AVA compartilhado com o tribunal,Não há capacidade própria de produção,Sim,Sim,Não desenvolve,Sim,Não realiza,"Sim, com convênios/acordos vigentes",Moderado,1,2007,2,Na maioria das ações,1,1,Em parte das ações,1,0,Não aplica,0,0,Não aplica,0,Acima de 50%,Até 25%,0%,Até 25%,2026-08-31,1,1,0,13,5,0
R083,Trabalho,0,Trabalho,O87,1,PE,Escola formalmente instituída,Plano próprio vigente e formalizado,1,1,Rubrica orçamentária própria,R$ 1 mi a R$ 5 mi,Mais de 10,4 a 10,1 a 3,AVA próprio,"Equipe multidisciplinar dedicada, com designer instrucional, audiovisual e TI",Sim,Sim,Não desenvolve,Sim,Não realiza,"Sim, com convênios/acordos vigentes",Moderado,1,2007,2,Na maioria das ações,1,1,Em parte das ações,1,0,Não aplica,0,0,Não aplica,0,Acima de 50%,Acima de 50%,Até 25%,Até 25%,2026-08-31,1,1,0,7,3,0
R084,Trabalho,0,Trabalho,O77,1,AL,Escola formalmente instituída,Em elaboração,0,1,Rubrica orçamentária própria,R$ 250 mil a R$ 1 mi,4 a 10,1 a 3,1 a 3,AVA próprio,"Produção parcial, com apoio pontual de outras áreas",Sim,Sim,Não desenvolve,Sim,Não realiza,"Sim, com convênios/acordos vigentes",Moderado,1,2007,2,Na maioria das ações,1,1,Em parte das ações,1,0,Não aplica,0,0,Não aplica,0,Acima de 50%,Até 25%,Até 25%,26% a 50%,2026-08-31,1,1,0,12,5,0
R085,Estadual,0,Estadual,O06,2,AM,Escola formalmente instituída,Em elaboração,0,1,Custeada por rubrica geral do tribunal,R$ 1 mi a R$ 5 mi,4 a 10,4 a 10,1 a 3,AVA próprio,"Produção parcial, com apoio pontual de outras áreas",Sim,Sim,Não desenvolve,Sim,"Sim, de forma pontual","Sim, com convênios/acordos vigentes",Alto,1,2010,2,Na maioria das ações,1,1,Em parte das ações,1,0,Não aplica,0,2,Na maioria das ações,1,Acima de 50%,Até 25%,26% a 50%,Até 25%,2026-08-31,1,1,0,17,5,1
R086,Trabalho,0,Trabalho,O84,1,MG,Escola formalmente instituída,Plano próprio vigente e formalizado,1,1,Rubrica orçamentária própria,R$ 1 mi a R$ 5 mi,Mais de 10,Mais de 10,1 a 3,AVA próprio,"Produção parcial, com apoio pontual de outras áreas",Sim,Sim,Ações pontuais,Sim,Não realiza,"Sim, com convênios/acordos vigentes",Moderado,1,1988,1,Em parte das ações,1,2,Na maioria das ações,1,1,Em parte das ações,1,0,Não aplica,0,Até 25%,Acima de 50%,Até 25%,Até 25%,2026-08-31,1,1,0,16,5,0
R087,Eleitoral,0,Eleitoral,O36,2,AM,Setor de capacitação (gestão de pessoas),Plano próprio vigente e formalizado,1,1,Rubrica orçamentária própria,R$ 250 mil a R$ 1 mi,4 a 10,1 a 3,Nenhum,AVA próprio,"Equipe multidisciplinar dedicada, com designer instrucional, audiovisual e TI",Sim,Não,Não desenvolve,Não,Não realiza,"Sim, com convênios/acordos vigentes",Alto,1,1997,1,Em parte das ações,1,2,Na maioria das ações,1,0,Não aplica,0,0,Não aplica,0,Acima de 50%,26% a 50%,Até 25%,Até 25%,2026-08-31,1,1,0,5,1,0
R088,Eleitoral,0,Eleitoral,O44,1,MG,Escola formalmente instituída,Plano próprio vigente e formalizado,1,1,Rubrica orçamentária própria,R$ 250 mil a R$ 1 mi,Mais de 10,Mais de 10,1 a 3,AVA próprio,"Equipe multidisciplinar dedicada, com designer instrucional, audiovisual e TI",Sim,Sim,Ações pontuais,Sim,Não realiza,"Sim, com convênios/acordos vigentes",Alto,1,2004,1,Em parte das ações,1,0,Não aplica,0,0,Não aplica,0,0,Não aplica,0,Até 25%,Até 25%,Até 25%,Até 25%,2026-08-31,1,1,1,5,4,0
R089,Trabalho,0,Trabalho,O78,1,SP,Escola formalmente instituída,Adota o planejamento estratégico do tribunal,0,1,Rubrica orçamentária própria,R$ 250 mil a R$ 1 mi,Mais de 10,4 a 10,Nenhum,AVA próprio,"Equipe multidisciplinar dedicada, com designer instrucional, audiovisual e TI",Sim,Sim,Programa permanente com certificação,Sim,Não realiza,"Sim, com convênios/acordos vigentes",Moderado,1,1993,2,Na maioria das ações,1,1,Em parte das ações,1,0,Não aplica,0,0,Não aplica,0,Até 25%,Até 25%,Acima de 50%,Até 25%,2026-08-31,1,1,0,14,5,0
R090,Estadual,0,Estadual,O11,1,ES,Escola formalmente instituída,Plano próprio vigente e formalizado,1,1,Rubrica orçamentária própria,R$ 1 mi a R$ 5 mi,4 a 10,4 a 10,1 a 3,AVA próprio,"Produção parcial, com apoio pontual de outras áreas",Sim,Sim,Programa permanente com certificação,Sim,Não realiza,"Sim, com convênios/acordos vigentes",Alto,1,1985,2,Na maioria das ações,1,0,Não aplica,0,0,Não aplica,0,0,Não aplica,0,Acima de 50%,Até 25%,0%,Até 25%,2026-08-31,1,1,0,17,5,0
R091,Eleitoral,0,Eleitoral,O52,2,RJ,Setor de capacitação (gestão de pessoas),Não possui,0,0,Rubrica orçamentária própria,R$ 1 mi a R$ 5 mi,4 a 10,1 a 3,Nenhum,AVA compartilhado com o tribunal,"Produção parcial, com apoio pontual de outras áreas",Sim,Sim,Ações pontuais,Sim,Não realiza,"Sim, com convênios/acordos vigentes",Baixo,1,2002,2,Na maioria das ações,1,1,Em parte das ações,1,0,Não aplica,0,0,Não aplica,0,26% a 50%,Até 25%,26% a 50%,Até 25%,2026-08-31,1,0,0,11,2,0
R092,Eleitoral,0,Eleitoral,O40,1,DF,Escola formalmente instituída,Não possui,0,0,Rubrica orçamentária própria,Até R$ 250 mil,4 a 10,1 a 3,1 a 3,AVA compartilhado com o tribunal,"Produção parcial, com apoio pontual de outras áreas",Sim,Sim,Não desenvolve,Sim,Não realiza,"Sim, com convênios/acordos vigentes",Moderado,1,2004,2,Na maioria das ações,1,1,Em parte das ações,1,1,Em parte das ações,1,1,Em parte das ações,1,26% a 50%,0%,0%,Acima de 50%,2026-08-31,1,1,0,4,2,0
R093,Trabalho,0,Trabalho,O92,1,DF,Centro/núcleo sem natureza de escola,Plano próprio vigente e formalizado,1,1,Rubrica orçamentária própria,R$ 1 mi a R$ 5 mi,Mais de 10,Mais de 10,1 a 3,AVA próprio,"Produção parcial, com apoio pontual de outras áreas",Sim,Sim,Ações pontuais,Sim,Não realiza,"Sim, com convênios/acordos vigentes",Moderado,1,2003,2,Na maioria das ações,1,1,Em parte das ações,1,2,Na maioria das ações,1,0,Não aplica,0,Acima de 50%,Até 25%,Até 25%,Até 25%,2026-08-31,1,1,0,16,5,0
R094,Estadual,0,Estadual,O09,2,CE,Centro/núcleo sem natureza de escola,Não possui,0,0,Rubrica orçamentária própria,Acima de R$ 5 mi,4 a 10,1 a 3,Nenhum,AVA compartilhado com o tribunal,Não há capacidade própria de produção,Sim,Sim,Não desenvolve,Sim,"Sim, de forma pontual","Sim, com convênios/acordos vigentes",Alto,1,2024,2,Na maioria das ações,1,2,Na maioria das ações,1,1,Em parte das ações,1,1,Em parte das ações,1,Até 25%,Acima de 50%,Até 25%,Até 25%,2026-08-31,1,1,0,7,3,0
R095,Eleitoral,0,Eleitoral,O59,2,SP,Setor de capacitação (gestão de pessoas),Plano próprio vigente e formalizado,1,1,Rubrica orçamentária própria,R$ 250 mil a R$ 1 mi,Mais de 10,1 a 3,(sem resposta),AVA próprio,"Produção parcial, com apoio pontual de outras áreas",Sim,Sim,Não desenvolve,Sim,"Sim, de forma pontual",Não mantém parcerias,Alto,1,2022,2,Na maioria das ações,1,1,Em parte das ações,1,2,Na maioria das ações,1,0,Não aplica,0,Acima de 50%,Acima de 50%,Acima de 50%,Até 25%,2026-08-31,1,1,0,17,5,0
R096,Trabalho,0,Trabalho,O90,1,PR,Escola formalmente instituída,Plano próprio vigente e formalizado,1,1,Rubrica orçamentária própria,R$ 1 mi a R$ 5 mi,Mais de 10,4 a 10,4 a 10,AVA próprio,"Produção parcial, com apoio pontual de outras áreas",Sim,Sim,Ações pontuais,Sim,"Sim, de forma pontual","Sim, com parcerias informais",Moderado,1,2004,2,Na maioria das ações,1,2,Na maioria das ações,1,1,Em parte das ações,1,0,Não aplica,0,26% a 50%,Até 25%,Até 25%,Até 25%,2026-08-31,1,1,0,12,4,0
R097,Federal,0,Federal,O62,1,RJ,Setor de capacitação (gestão de pessoas),Não possui,0,0,Rubrica orçamentária própria,R$ 250 mil a R$ 1 mi,4 a 10,4 a 10,(sem resposta),AVA próprio,"Produção parcial, com apoio pontual de outras áreas",Sim,Sim,Não desenvolve,Sim,"Sim, de forma sistemática","Sim, com parcerias informais",Moderado,1,1989,2,Na maioria das ações,1,2,Na maioria das ações,1,0,Não aplica,0,1,Em parte das ações,1,26% a 50%,Até 25%,26% a 50%,Até 25%,2026-08-31,1,1,1,14,5,1
R098,Estadual,0,Estadual,O19,1,MT,Escola formalmente instituída,Em elaboração,0,1,Rubrica orçamentária própria,R$ 1 mi a R$ 5 mi,Mais de 10,4 a 10,Nenhum,AVA próprio,Não há capacidade própria de produção,Sim,Sim,Não desenvolve,Sim,Não realiza,"Sim, com parcerias informais",Alto,1,2008,2,Na maioria das ações,1,1,Em parte das ações,1,0,Não aplica,0,0,Não aplica,0,Acima de 50%,Até 25%,Até 25%,Até 25%,2026-08-31,1,1,0,8,5,0
R099,Eleitoral,0,Eleitoral,O57,1,SC,Escola formalmente instituída,Em elaboração,0,1,Rubrica orçamentária própria,R$ 250 mil a R$ 1 mi,Mais de 10,4 a 10,1 a 3,AVA próprio,"Equipe multidisciplinar dedicada, com designer instrucional, audiovisual e TI",Sim,Sim,Ações pontuais,Sim,Não realiza,"Sim, com convênios/acordos vigentes",Alto,1,2004,2,Na maioria das ações,1,2,Na maioria das ações,1,2,Na maioria das ações,1,1,Em parte das ações,1,Até 25%,Acima de 50%,Até 25%,Até 25%,2026-08-31,1,1,0,9,4,0
R100,Trabalho,0,Trabalho,O85,1,RS,Escola formalmente instituída,Não possui,0,0,Rubrica orçamentária própria,R$ 1 mi a R$ 5 mi,Mais de 10,Mais de 10,1 a 3,AVA próprio,"Produção parcial, com apoio pontual de outras áreas",Sim,Sim,Programa permanente com certificação,Sim,Não realiza,"Sim, com convênios/acordos vigentes",Alto,1,2006,2,Na maioria das ações,1,2,Na maioria das ações,1,0,Não aplica,0,0,Não aplica,0,Até 25%,Acima de 50%,Até 25%,Até 25%,2026-08-31,1,1,0,7,4,0
R101,Federal,0,Superior/Conselho,O03,1,DF,Centro/núcleo sem natureza de escola,Não possui,0,0,Custeada por rubrica geral do tribunal,R$ 1 mi a R$ 5 mi,Mais de 10,Mais de 10,Nenhum,AVA próprio,"Equipe multidisciplinar dedicada, com designer instrucional, audiovisual e TI",Sim,Sim,Ações pontuais,Sim,Não realiza,"Sim, com convênios/acordos vigentes",Moderado,1,2020,2,Na maioria das ações,1,1,Em parte das ações,1,0,Não aplica,0,0,Não aplica,0,Acima de 50%,Até 25%,Até 25%,Até 25%,2026-08-31,1,1,0,17,5,0
R102,Eleitoral,0,Eleitoral,O59,2,SP,Escola formalmente instituída,"Afirmativa em texto livre, sem especificação",0,0,Custeada por rubrica geral do tribunal,Até R$ 250 mil,Mais de 10,4 a 10,4 a 10,AVA compartilhado com o tribunal,"Produção parcial, com apoio pontual de outras áreas",Sim,Sim,Não desenvolve,Sim,"Sim, de forma pontual","Sim, com convênios/acordos vigentes",Moderado,1,2003,2,Na maioria das ações,1,1,Em parte das ações,1,0,Não aplica,0,1,Em parte das ações,1,26% a 50%,0%,26% a 50%,26% a 50%,2026-08-31,1,1,0,3,0,1
R103,Militar,0,Militar,O04,2,DF,Setor de capacitação (gestão de pessoas),Em elaboração,0,1,Rubrica orçamentária própria,R$ 1 mi a R$ 5 mi,Mais de 10,Mais de 10,Nenhum,AVA próprio,"Produção parcial, com apoio pontual de outras áreas",Sim,Sim,Participação em programa/eventos externos (texto livre),Sim,Não realiza,"Sim, com convênios/acordos vigentes",Alto,1,2025,2,Na maioria das ações,1,1,Em parte das ações,1,2,Na maioria das ações,1,0,Não aplica,0,Até 25%,26% a 50%,Até 25%,Até 25%,2026-08-31,1,1,0,10,4,0
R104,Eleitoral,0,Eleitoral,O43,2,MA,Setor de capacitação (gestão de pessoas),Não possui,0,0,Rubrica orçamentária própria,R$ 250 mil a R$ 1 mi,4 a 10,1 a 3,Nenhum,AVA compartilhado com o tribunal,"Equipe multidisciplinar dedicada, com designer instrucional, audiovisual e TI",Sim,Sim,Não desenvolve,Sim,Não realiza,Não mantém parcerias,Alto,1,2005,2,Na maioria das ações,1,0,Não aplica,0,0,Não aplica,0,0,Não aplica,0,26% a 50%,0%,26% a 50%,Até 25%,2026-09-01,1,1,0,7,3,0
R105,Estadual,0,Estadual,O17,1,MS,Escola formalmente instituída,Em elaboração,0,1,Rubrica orçamentária própria,R$ 1 mi a R$ 5 mi,Mais de 10,Mais de 10,1 a 3,AVA próprio,"Equipe multidisciplinar dedicada, com designer instrucional, audiovisual e TI",Sim,Sim,Programa permanente com certificação,Sim,"Sim, de forma sistemática","Sim, com convênios/acordos vigentes",Moderado,1,2010,2,Na maioria das ações,1,2,Na maioria das ações,1,2,Na maioria das ações,1,2,Na maioria das ações,1,26% a 50%,26% a 50%,Até 25%,Até 25%,2026-09-02,1,1,0,11,4,0
R106,Superior/Conselho,0,Superior/Conselho,O01,1,DF,Centro/núcleo sem natureza de escola,Plano próprio desatualizado/vencido,0,1,Rubrica orçamentária própria,R$ 1 mi a R$ 5 mi,Mais de 10,4 a 10,1 a 3,AVA próprio,"Produção parcial, com apoio pontual de outras áreas",Em elaboração,Sim,Não desenvolve,Não,Não realiza,"Sim, com convênios/acordos vigentes",Alto,1,1992,1,Em parte das ações,1,1,Em parte das ações,1,1,Em parte das ações,1,1,Em parte das ações,1,26% a 50%,Até 25%,Acima de 50%,26% a 50%,2026-09-02,1,1,0,6,3,0
R107,Eleitoral,0,Eleitoral,O91,2,DF,Setor de capacitação (gestão de pessoas),Apenas plano anual (PAC/PAT),0,0,Rubrica orçamentária própria,R$ 250 mil a R$ 1 mi,Mais de 10,1 a 3,Nenhum,AVA próprio,"Produção parcial, com apoio pontual de outras áreas",Sim,Não,Não desenvolve,Sim,Não realiza,"Sim, com convênios/acordos vigentes",Alto,1,2005,2,Na maioria das ações,1,0,Não aplica,0,0,Não aplica,0,0,Não aplica,0,Até 25%,26% a 50%,Acima de 50%,0%,2026-09-02,1,1,1,10,4,0
R108,Eleitoral,0,Eleitoral,O91,2,DF,Escola formalmente instituída,Apenas plano anual (PAC/PAT),0,0,Rubrica orçamentária própria,Até R$ 250 mil,4 a 10,1 a 3,1 a 3,AVA próprio,"Produção parcial, com apoio pontual de outras áreas",Sim,Sim,Ações pontuais,Sim,"Sim, de forma sistemática","Sim, com convênios/acordos vigentes",Alto,0,2002,2,Na maioria das ações,1,2,Na maioria das ações,1,2,Na maioria das ações,1,2,Na maioria das ações,1,Até 25%,Até 25%,Até 25%,26% a 50%,2026-09-02,1,1,0,4,2,0
R109,Eleitoral,0,Eleitoral,O34,1,AC,Centro/núcleo sem natureza de escola,Plano próprio desatualizado/vencido,0,1,Custeada por rubrica geral do tribunal,Sem informação consolidada,1 a 3,(sem resposta),1 a 3,Sem AVA,Não há capacidade própria de produção,Sim,Não,Não desenvolve,Sim,Não realiza,"Sim, com convênios/acordos vigentes",Baixo,0,2002,2,Na maioria das ações,1,2,Na maioria das ações,1,2,Na maioria das ações,1,2,Na maioria das ações,1,0%,0%,Acima de 50%,0%,2026-09-08,0,0,1,6,4,0
R110,Eleitoral,0,Eleitoral,O38,1,BA,Escola formalmente instituída,Não possui,0,0,Rubrica orçamentária própria,R$ 250 mil a R$ 1 mi,4 a 10,4 a 10,1 a 3,AVA próprio,Não há capacidade própria de produção,Sim,Sim,"Outro texto livre, não classificável",Não,Não realiza,"Sim, com convênios/acordos vigentes",Moderado,1,2004,0,Não aplica,0,1,Em parte das ações,1,0,Não aplica,0,0,Não aplica,0,Até 25%,0%,Acima de 50%,Acima de 50%,2026-09-15,1,1,0,4,3,0
